{
  "width": 95.80929565429688,
  "height": 890.3919372558594
}